gene_name,resistance_AA,aa_position_on_gene,nt_position_on_gene
UL97,K359E,359,1077
UL97,K359E,359,1076
UL97,K359E,359,1075
UL97,K359Q,359,1077
UL97,K359Q,359,1076
UL97,K359Q,359,1075
UL97,L450P,450,1350
UL97,L450P,450,1349
UL97,L450P,450,1348
UL97,M460V,460,1380
UL97,M460V,460,1379
UL97,M460V,460,1378
UL97,M460I,460,1380
UL97,M460I,460,1379
UL97,M460I,460,1378
UL97,C518Y,518,1554
UL97,C518Y,518,1553
UL97,C518Y,518,1552
UL97,H520Q,520,1560
UL97,H520Q,520,1559
UL97,H520Q,520,1558
UL97,A591V,591,1773
UL97,A591V,591,1772
UL97,A591V,591,1771
UL97,C592G,592,1776
UL97,C592G,592,1775
UL97,C592G,592,1774
UL97,A594V,594,1782
UL97,A594V,594,1781
UL97,A594V,594,1780
UL97,A594T,594,1782
UL97,A594T,594,1781
UL97,A594T,594,1780
UL97,A594E,594,1782
UL97,A594E,594,1781
UL97,A594E,594,1780
UL97,A594G,594,1782
UL97,A594G,594,1781
UL97,A594G,594,1780
UL97,A594P,594,1782
UL97,A594P,594,1781
UL97,A594P,594,1780
UL97,A594S,594,1782
UL97,A594S,594,1781
UL97,A594S,594,1780
UL97,I610T,610,1830
UL97,I610T,610,1829
UL97,I610T,610,1828
UL97,A613V,613,1839
UL97,A613V,613,1838
UL97,A613V,613,1837
UL97,L595S,595,1785
UL97,L595S,595,1784
UL97,L595S,595,1783
UL97,L595F,595,1785
UL97,L595F,595,1784
UL97,L595F,595,1783
UL97,L595W,595,1785
UL97,L595W,595,1784
UL97,L595W,595,1783
UL97,E596G,596,1788
UL97,E596G,596,1787
UL97,E596G,596,1786
UL97,E596Y,596,1788
UL97,E596Y,596,1787
UL97,E596Y,596,1786
UL97,K599T,599,1797
UL97,K599T,599,1796
UL97,K599T,599,1795
UL97,C603W,603,1809
UL97,C603W,603,1808
UL97,C603W,603,1807
UL97,C603R,603,1809
UL97,C603R,603,1808
UL97,C603R,603,1807
UL97,C603S,603,1809
UL97,C603S,603,1808
UL97,C603S,603,1807
UL97,C607Y,607,1821
UL97,C607Y,607,1820
UL97,C607Y,607,1819
UL97,C607F,607,1821
UL97,C607F,607,1820
UL97,C607F,607,1819
UL54,E303D,303,909
UL54,E303D,303,908
UL54,E303D,303,907
UL54,E303G,303,909
UL54,E303G,303,908
UL54,E303G,303,907
UL54,F412V,412,1236
UL54,F412V,412,1235
UL54,F412V,412,1234
UL54,D413Y,413,1239
UL54,D413Y,413,1238
UL54,D413Y,413,1237
UL54,L516R,516,1548
UL54,L516R,516,1547
UL54,L516R,516,1546
UL54,C539R,539,1617
UL54,C539R,539,1616
UL54,C539R,539,1615
UL54,A543P,543,1629
UL54,A543P,543,1628
UL54,A543P,543,1627
UL54,D301N,301,903
UL54,D301N,301,902
UL54,D301N,301,901
UL54,N408D,408,1224
UL54,N408D,408,1223
UL54,N408D,408,1222
UL54,N408K,408,1224
UL54,N408K,408,1223
UL54,N408K,408,1222
UL54,N408S,408,1224
UL54,N408S,408,1223
UL54,N408S,408,1222
UL54,N410K,410,1230
UL54,N410K,410,1229
UL54,N410K,410,1228
UL54,F412C,412,1236
UL54,F412C,412,1235
UL54,F412C,412,1234
UL54,F412L,412,1236
UL54,F412L,412,1235
UL54,F412L,412,1234
UL54,F412S,412,1236
UL54,F412S,412,1235
UL54,F412S,412,1234
UL54,D413E,413,1239
UL54,D413E,413,1238
UL54,D413E,413,1237
UL54,D413A,413,1239
UL54,D413A,413,1238
UL54,D413A,413,1237
UL54,D413N,413,1239
UL54,D413N,413,1238
UL54,D413N,413,1237
UL54,K500N,500,1500
UL54,K500N,500,1499
UL54,K500N,500,1498
UL54,L501I,501,1503
UL54,L501I,501,1502
UL54,L501I,501,1501
UL54,T503I,503,1509
UL54,T503I,503,1508
UL54,T503I,503,1507
UL54,A505V,505,1515
UL54,A505V,505,1514
UL54,A505V,505,1513
UL54,K513E,513,1539
UL54,K513E,513,1538
UL54,K513E,513,1537
UL54,K513N,513,1539
UL54,K513N,513,1538
UL54,K513N,513,1537
UL54,K513R,513,1539
UL54,K513R,513,1538
UL54,K513R,513,1537
UL54,D515Y,515,1545
UL54,D515Y,515,1544
UL54,D515Y,515,1543
UL54,L516P,516,1548
UL54,L516P,516,1547
UL54,L516P,516,1546
UL54,L516W,516,1548
UL54,L516W,516,1547
UL54,L516W,516,1546
UL54,I521T,521,1563
UL54,I521T,521,1562
UL54,I521T,521,1561
UL54,P522A,522,1566
UL54,P522A,522,1565
UL54,P522A,522,1564
UL54,P522S,522,1566
UL54,P522S,522,1565
UL54,P522S,522,1564
UL54,V526L,526,1578
UL54,V526L,526,1577
UL54,V526L,526,1576
UL54,C539G,539,1617
UL54,C539G,539,1616
UL54,C539G,539,1615
UL54,L545S,545,1635
UL54,L545S,545,1634
UL54,L545S,545,1633
UL54,L545W,545,1635
UL54,L545W,545,1634
UL54,L545W,545,1633
UL54,I726T,726,2178
UL54,I726T,726,2177
UL54,I726T,726,2176
UL54,I726V,726,2178
UL54,I726V,726,2177
UL54,I726V,726,2176
UL54,A987G,987,2961
UL54,A987G,987,2960
UL54,A987G,987,2959
